subject,val_acc,val_auc,test_acc,test_auc
1,0.9316666666666666,0.9784619509361454,0.9383333333333334,0.9828205511059025
2,0.9316666666666666,0.9830316364969831,0.9391666666666667,0.9860190949218175
3,0.9016666666666666,0.9690345982142857,0.8875,0.9584892544099385
4,0.9016666666666666,0.9560211874564778,0.9083333333333333,0.9598762101161187
5,0.8766666666666667,0.949552023772005,0.8525,0.9259514165472577
6,0.845,0.9312767427348903,0.8508333333333333,0.9268812168250145
7,0.9,0.9598354876615747,0.8958333333333334,0.9607532948793549
