{
  "subject": 3,
  "n_windows": 1198,
  "acc": 0.5150250417362271,
  "mean_rA": 0.3002902915540159,
  "mean_rB": -0.06503747102542898,
  "ckpt": "outputs/S3/best_model.pt",
  "win_sec": 5.0,
  "hop_sec": 2.5,
  "lag_ms": 120.0
}