s_id,pearson_corr
1,0.0566517560721886
2,-0.003638440111068348
3,0.04735551691036845
4,-0.006672432115774489
5,-0.03092650063776914
6,-0.031071872958021572
7,0.06799364892246224
8,0.011088877517747404
9,0.038648254475945956
10,0.027758911464888465
11,-0.04517285884427713
12,0.012719890685312017
13,-0.004386952649517923
14,0.0021505246336737116
15,0.04384019159626185
16,0.006944913216244778
17,-0.024887640635024876
18,-0.002384041777545358
