s_id,pearson_corr
1,0.05599487896874817
2,-0.010181779826939224
3,0.04484889352296714
4,-0.003707327289481307
5,-0.030888984428189867
6,-0.02389443480949474
7,0.06748360538956086
8,0.01486118611433506
9,0.03801841809194228
10,0.02779067728139315
11,-0.04166939189835378
12,0.017691649541040574
13,-0.005162005569383264
14,0.002350541455093535
15,0.04367352086654509
16,-0.0007846963070932225
17,-0.024755653453812164
18,-0.0006699873360255491
