subject,val_r,test_r
1,0.7312123123412444,0.7052284280459086