subject,val_r,test_r
14,0.06458715219050645,0.06414311608920495
14,0.7764569620291392,0.766748329003652
