subject,val_r,test_r
14,0.7764569620291392,0.766748329003652