{
  "subject": 18,
  "n_windows": 1198,
  "acc": 0.39565943238731216,
  "mean_rA": 0.40960562566867353,
  "mean_rB": -0.059462717793612764,
  "ckpt": "outputs/S18/best_model.pt",
  "win_sec": 5.0,
  "hop_sec": 2.5,
  "lag_ms": 120.0
}